<?xml version="1.0" ?>
<BEWEGINGEN>
    <BEWEGING>
        <SPELERNAAM>Chip</SPELERNAAM>
        <RICHTING>OMHOOG</RICHTING>
    </BEWEGING>
    <BEWEGING>
        <SPELERNAAM>Chip</SPELERNAAM>
        <RICHTING>OMHOOG</RICHTING>
    </BEWEGING>
    <BEWEGING>
        <SPELERNAAM>Chip</SPELERNAAM>
        <RICHTING>LINKS</RICHTING>
    </BEWEGING>
    <BEWEGING>
        <SPELERNAAM>Chip</SPELERNAAM>
        <RICHTING>OMHOOG</RICHTING>
    </BEWEGING>
    <BEWEGING>
        <SPELERNAAM>Chip</SPELERNAAM>
        <RICHTING>LINKS</RICHTING>
    </BEWEGING>
    <BEWEGING>
        <SPELERNAAM>Chip</SPELERNAAM>
        <RICHTING>OMHOOG</RICHTING>
    </BEWEGING>
    <BEWEGING>
        <SPELERNAAM>Chip</SPELERNAAM>
        <RICHTING>RECHTS</RICHTING>
    </BEWEGING>
</BEWEGINGEN>