<?xml version="1.0" ?>
<VELD>
    <NAAM>Level 1</NAAM>
    <LENGTE>10</LENGTE>
    <BREEDTE>10</BREEDTE>
    <SPELER x="4" y="5">
        <NAAM>Chip</NAAM>
    </SPELER>
    <OBSTAKEL beweegbaar="true" x="5" y="1">
        <TYPE>ton</TYPE>
    </OBSTAKEL>
    <OBSTAKEL beweegbaar="true" x="5" y="2">
        <TYPE>ton</TYPE>
    </OBSTAKEL>
    <OBSTAKEL beweegbaar="true" x="3" y="4">
        <TYPE>ton</TYPE>
    </OBSTAKEL>
    <OBSTAKEL beweegbaar="false" x="0" y="0">
        <TYPE>muur</TYPE>
    </OBSTAKEL>
    <OBSTAKEL beweegbaar="false" x="1" y="0">
        <TYPE>muur</TYPE>
    </OBSTAKEL>
    <OBSTAKEL beweegbaar="false" x="2" y="0">
        <TYPE>muur</TYPE>
    </OBSTAKEL>
    <OBSTAKEL beweegbaar="false" x="3" y="0">
        <TYPE>muur</TYPE>
    </OBSTAKEL>
    <OBSTAKEL beweegbaar="false" x="4" y="0">
        <TYPE>muur</TYPE>
    </OBSTAKEL>
    <OBSTAKEL beweegbaar="false" x="5" y="0">
        <TYPE>muur</TYPE>
    </OBSTAKEL>
    <OBSTAKEL beweegbaar="false" x="6" y="0">
        <TYPE>muur</TYPE>
    </OBSTAKEL>
    <OBSTAKEL beweegbaar="false" x="7" y="0">
        <TYPE>muur</TYPE>
    </OBSTAKEL>
    <OBSTAKEL beweegbaar="false" x="8" y="0">
        <TYPE>muur</TYPE>
    </OBSTAKEL>
    <OBSTAKEL beweegbaar="false" x="9" y="0">
        <TYPE>muur</TYPE>
    </OBSTAKEL>
    <OBSTAKEL beweegbaar="false" x="0" y="1">
        <TYPE>muur</TYPE>
    </OBSTAKEL>
    <OBSTAKEL beweegbaar="false" x="9" y="1">
        <TYPE>muur</TYPE>
    </OBSTAKEL>
    <OBSTAKEL beweegbaar="false" x="0" y="2">
        <TYPE>muur</TYPE>
    </OBSTAKEL>
    <OBSTAKEL beweegbaar="false" x="9" y="2">
        <TYPE>muur</TYPE>
    </OBSTAKEL>
    <OBSTAKEL beweegbaar="false" x="0" y="3">
        <TYPE>muur</TYPE>
    </OBSTAKEL>
    <OBSTAKEL beweegbaar="false" x="9" y="3">
        <TYPE>muur</TYPE>
    </OBSTAKEL>
    <OBSTAKEL beweegbaar="false" x="0" y="4">
        <TYPE>muur</TYPE>
    </OBSTAKEL>
    <OBSTAKEL beweegbaar="false" x="9" y="4">
        <TYPE>muur</TYPE>
    </OBSTAKEL>
    <OBSTAKEL beweegbaar="false" x="0" y="5">
        <TYPE>muur</TYPE>
    </OBSTAKEL>
    <OBSTAKEL beweegbaar="false" x="9" y="5">
        <TYPE>muur</TYPE>
    </OBSTAKEL>
    <OBSTAKEL beweegbaar="false" x="0" y="6">
        <TYPE>muur</TYPE>
    </OBSTAKEL>
    <OBSTAKEL beweegbaar="false" x="9" y="6">
        <TYPE>muur</TYPE>
    </OBSTAKEL>
    <OBSTAKEL beweegbaar="false" x="0" y="7">
        <TYPE>muur</TYPE>
    </OBSTAKEL>
    <OBSTAKEL beweegbaar="false" x="9" y="7">
        <TYPE>muur</TYPE>
    </OBSTAKEL>
    <OBSTAKEL beweegbaar="false" x="0" y="8">
        <TYPE>muur</TYPE>
    </OBSTAKEL>
    <OBSTAKEL beweegbaar="false" x="9" y="8">
        <TYPE>muur</TYPE>
    </OBSTAKEL>
    <OBSTAKEL beweegbaar="false" x="0" y="9">
        <TYPE>muur</TYPE>
    </OBSTAKEL>
    <OBSTAKEL beweegbaar="false" x="1" y="9">
        <TYPE>muur</TYPE>
    </OBSTAKEL>
    <OBSTAKEL beweegbaar="false" x="2" y="9">
        <TYPE>muur</TYPE>
    </OBSTAKEL>
    <OBSTAKEL beweegbaar="false" x="3" y="9">
        <TYPE>muur</TYPE>
    </OBSTAKEL>
    <OBSTAKEL beweegbaar="false" x="4" y="9">
        <TYPE>muur</TYPE>
    </OBSTAKEL>
    <OBSTAKEL beweegbaar="false" x="5" y="9">
        <TYPE>muur</TYPE>
    </OBSTAKEL>
    <OBSTAKEL beweegbaar="false" x="6" y="9">
        <TYPE>muur</TYPE>
    </OBSTAKEL>
    <OBSTAKEL beweegbaar="false" x="7" y="9">
        <TYPE>muur</TYPE>
    </OBSTAKEL>
    <OBSTAKEL beweegbaar="false" x="8" y="9">
        <TYPE>muur</TYPE>
    </OBSTAKEL>
    <OBSTAKEL beweegbaar="false" x="9" y="9">
        <TYPE>muur</TYPE>
    </OBSTAKEL>
</VELD>